Window,Model,Threshold,Accuracy,Precision,Recall,F1,ROC-AUC,_model,_X_te,_y_te,_features,_y_prob,Experiment
Q1,HybridLSTM,0.38,0.7361,0.6834,0.8248,0.7475,0.845,,,[0 0 0 ... 0 1 0],['seq+static'],[0.07322458 0.2940589  0.13436085 ... 0.47225302 0.17545241 0.20928411],hybrid_baseline
Q1,HybridBiLSTM,0.38,0.7463,0.7019,0.8068,0.7507,0.8469,,,[0 0 0 ... 0 1 0],['seq+static'],[0.06177675 0.18581784 0.11190091 ... 0.4057316  0.12291488 0.21279702],hybrid_baseline
Q2,HybridLSTM,0.42,0.827,0.8143,0.8221,0.8182,0.9077,,,[0 0 0 ... 0 1 0],['seq+static'],[0.04272848 0.10346925 0.04501675 ... 0.22538975 0.69922817 0.28852698],hybrid_baseline
Q2,HybridBiLSTM,0.42,0.8353,0.8449,0.7989,0.8212,0.9094,,,[0 0 0 ... 0 1 0],['seq+static'],[0.02888078 0.091757   0.03897049 ... 0.17168812 0.6305268  0.28284854],hybrid_baseline
Q3,HybridLSTM,0.58,0.8861,0.9265,0.8248,0.8727,0.9443,,,[0 0 0 ... 0 1 0],['seq+static'],[0.00545536 0.06358375 0.02341125 ... 0.0795005  0.99880445 0.0518566 ],hybrid_baseline
Q3,HybridBiLSTM,0.54,0.892,0.9336,0.8311,0.8794,0.9467,,,[0 0 0 ... 0 1 0],['seq+static'],[0.02377551 0.08975139 0.10383055 ... 0.15798627 0.9960375  0.11649264],hybrid_baseline
Master,HybridLSTM,0.46,0.9143,0.9317,0.8839,0.9072,0.9601,,,[0 0 0 ... 0 1 0],['seq+static'],[0.0070025  0.03260586 0.01851622 ... 0.1454812  0.9999279  0.06855092],hybrid_baseline
Master,HybridBiLSTM,0.46,0.9174,0.9459,0.8757,0.9094,0.9611,,,[0 0 0 ... 0 1 0],['seq+static'],[0.00823812 0.02943471 0.02993547 ... 0.12125006 0.9996107  0.10820618],hybrid_baseline
